Cp1252,
, This file is a mapping of all of the categories to their descriptions

action, "Verfolgung von Aktionen und Bedingungen"
adapter, "Externe Adapter"
adaptersql, "SQL-Anweisungen für externe Adapter"
admin, "Meldungen bezüglich Ariba Buyer Administrator"
adminLow, "Detaillierte Meldungen bezüglich Ariba Buyer Administrator"
adminui, "Meldungen bezüglich Katalogverwaltung"
all, "Alle Nachrichtenkategorien"
allocIds, "Serverseitige ID-Zuordnungen"
analysisMaster, "Analysis Master"
analysisMaster.analysis, "Analysis: Sonstiges"
analysisMaster.analysisAdmin, "Meldungen bezüglich Ariba Analysis Administrator"
analysisMaster.analysisDataLoad, "Analysis: Laden von Daten"
analysisMaster.analysisLoadDetails, "Analysis: Detailliertes Protokoll des Ladens von Daten"
analysisMaster.analysisQuery, "Analysis: Abfragevorgänge"
analysisMaster.analysisMDCache, "Analysis: Cache"
analysisMaster.analysisRecentUserChoice, "Verfolgen von aktuellen Benutzerauswahlinformationen"
analysisMaster.analysisOlap, "Analysis: OLAP"
analysisMaster.analysisBackground, "Analysis: Hintergrundberichte"
analysisMaster.loadfile, "Analysis: Dateien laden"
analysisMigration,"Analysis-Migration"
appInfoExtension, "Meldungen bezüglich appInfo-Erweiterungen, nur für gemeinsame Services relevant"
appIntegrate, "Anwendungsübergreifende Integrationsdienstprogramme"
application, "Anwendungsbezogene Informationen"
application.chargeLoading, "Informationen zum Laden von cXML-Kosten"
application.charge, "Kostenbezogene Informationen"
application.customApprover, "Meldungen bezüglich Kundencode, der für spezielle externe Genehmigungen geschrieben wurde"
application.cxml.aribaNetworkException, "Allgemeine Ariba-Netzwerkfehler"
application.cxml.cxmlOcAsn, "Verfolgung allgemeiner logischer Auftragsbestätigungen und der Vorab-Versandmitteilungsprozesse"
application.cxml.punchout, "cXML-PunchOut-Informationen"
application.grid, "Meldungen bezüglich Raster- und Zellenaktivitäten bei der Preisgestaltung für Verträge"
application.orgPartition, "Meldungen bezüglich der Partitionierung von Organisationen"
application.paymentTerms, "Verfolgung der Informationen zu den Zahlungsbedingungen"
application.pricing, "Verfolgung der Preisgestaltung"
application.procurement, "Verfolgung von Bestellabwicklungsinformationen"
application.procurement.advancedShipNotice, "Vorab-Versandmitteilungsprozess wird verfolgt"
application.procurement.categoryProcurement, "Verfolgung von Kategoriebestellabwicklungsfunktionen"
application.procurement.categoryProcurement.categoryDefinitionPropertyAccess, "Verfolgung der Sichtbarkeit und Bearbeitungsfähigkeit von Kategoriedefinitionseigenschaften"
application.procurement.categoryProcurement.categoryDefinitionPropertyCompliance, "Verfolgung der Kompatibilität von Kategoriedefinitionseigenschaften"
application.procurement.categoryProcurement.categoryDefinitionPropertyUpdate, "Verfolgung der Aktualisierung von Kategoriedefinitionseigenschaften"
application.procurement.aggregation, "Häufungsbezogene Verfolgung"
application.procurement.budget, "Budgetbezogene Verfolgung"
application.procurement.content, "Inhaltsbezogene Verfolgung"
application.procurement.contract, "Vertragsbezogene Verfolgung"
application.procurement.contract.contractPricing, "Verfolgung von Vertragspreisfestsetzungsinformationen"
application.procurement.contract.sla, "Verfolgung von Informationen zum Niveau des Vertragsservice"
application.procurement.electronicOrder, "Elektronische Bestellungsverarbeitung"
application.procurement.excelImport, "Excel-Importinformationen"
application.procurement.accrual, "Bearbeitung von Belastungen & aufgelaufenen Beträgen"
application.procurement.accrualMigrate, "Migrationsaufgabe für aufgelaufene Beträge"
application.procurement.itemMaster, "Artikelstammfunktionen"
application.procurement.orderConfirmation, "Verfolgung des Auftragsbestätigungsprozesses"
application.procurement.ordering, "Verfolgung des Formatierungs- und Übertragungsprozesses von Bestellungen"
application.procurement.payment, "Verfolgung der Aktivitäten bei der Rechnungszahlung"
application.procurement.receiving, "Verfolgung von Leistungserfassungsinformationen"
application.procurement.receiving.detail, "Verfolgung von detaillierteren Leistungserfassungsinformationen"
application.procurement.requisitioning, "Verfolgung von Bestellanforderungsinformationen"
application.procurement.service, "Verfolgung von servicebezogenen Funktionen"
application.procurement.service.servicePropertyAccess, "Verfolgung der Sichtbarkeit und Bearbeitbarkeit von Serviceeigenschaften"
application.procurement.service.servicePropertyCompliance, "Verfolgung der Einhaltung von Werten für Serviceeigenschaften"
application.procurement.service.servicePropertyUpdate, "Verfolgung der Aktualisierung von Werten für Serviceeigenschaften"
application.procurement.sourcing, "Verfolgung von Beschaffungsinformationen"
application.procurement.subscriptionTracker, "Verfolgung bezüglich SubscriptionTracker"
application.procurement.repair, "Verfolgung von Informationen zur Bereinigung bzw. Behebung von Fehlern der Daten"
application.reconciliation, "Verfolgung von Rechnungserstellung und Abstimmungsabweichungen"
application.reconciliation.invoicing, "Verfolgung von Rechnungsinformationen"
application.reconciliation.invoicing.invoiceLoading, "Verfolgung von Rechnungsladeinformationen"
invoiceDiagnostics, "Verfolgung von Debug-Informationen für Rechnungen"
application.reconciliation.irEditability, "Verfolgung der Bearbeitungsfähigkeit und Überprüfung von Rechnungsabstimmungsdokumenten"
application.reconciliation.pcard, "Verfolgung der Firmenkreditkartenverarbeitung und des Ladens der Kostenbeträge"
application.report, "Verfolgung von Berichtsinformationen"
application.search, "Verfolgung von Suchinformationen"
application.supplierSync, "Informationen zur Lieferantensynchronisierung"
application.tax, "Verfolgung von Steuerberechnungen und -vorgängen"
approvable, "Aktionen für Genehmigungen"
approvalFlow, "Verfolgung von Informationen zum Genehmigungsablauf"
aql, "Verfolgung von AQL-Informationen"
aql.query, "Abfragevorgänge"
aql2capi, "AQL-CAPI-Zuordnungen"
aqlperf, "AQL-Leistungsangaben"
aribaISServer, "An den Ariba-Server gesendete Meldungen"
aribaMappingException, "Fehler bezüglich PunchOut- und Katalog-Zuordnungen"
aribaNetwork, "Ariba-Netzwerkkommunikation (allgemein)"
aribaNetworkLow, "Ariba-Netzwerkkommunikation (detailliert)"
aribaweb, "Meldungen zu Ariba Web- und HTTP-Sitzungen"
aribaweb.fileupload, "Detaillierte Informationen zum Laden von Dateien"
aribaweb.formValue, "Informationen zur Warteschlange mit Formularwerten"
aribaweb.ihr, "Informationen zum aribaweb-Personal"
aribaweb.session, "Informationen zu aribaweb-Sitzungen"
aribawebdomsync, "Allgemeine Informationen zur aribaweb-dom-Verarbeitung"
aribawebdomsync.element, "Informationen zur Verarbeitung von aribaweb-dom-Elementen"
aribaweb_request, "Protokolliert grundlegende Anforderungsinformationen (Anforderungs-URI, Abfrageparameter, Formularwerte, Cookies)"
aribaweb_html, "Verfolgung der HTML-Quellenausgabe"
aribaweb_errorManager, "Verfolgungsfehler-Manager"
asmMaster,"ASM-Stammdaten"
asmMaster.punchout,"ASM-PunchOut"
asmMaster.asm,"ASM"
asmMaster.loaderDetails, "Details zur ASM-Ladefunktion"
asmMaster.discovery, "Ariba Discovery-Verfolgung"
audit, "Aktivitäten des Administrators prüfen, die Systemänderungen bewirken"
auth, "Authentifizierungsanforderungen"
autoCalc, "Verfolgung von automatischen Berechnungen für Belegschaftsfelder"
awf, "HTML-Generierung und interne Arbeitsschritte von Ariba-Web-Framework"
axDecodingInfo, "XML: Allgemeine Dekodierungsinformationen"
axDecodingProtocolTrace, "Protokollverfolgung von XML-Dekodierung und AXDecoding"
axDecodingTrace, "XML: Dekodierungsverfolgung"
back, "Meldungen zum Verfolgen der vorherigen Seiten"
backplane.pq, "Persistent Queue-bezogene Meldungen"
backplane.memcached, "Persistent Queue - Client-RPC-Meldungen"
bagdump, "Alle umgewandelten Katalogartikel während des Imports ausgeben"
bagmetrics, "Fehleranalysemetrik der Katalog-Warenkorbverwaltung (catalogitem)"
base, "Allgemeine Protokollierung für die Basiskomponente"
bindings, "Meldungen für die Verfolgung von HTML-Seitenbindungen"
checkpoint, "Protokollmeldungen für mehrere Überprüfungspunkte, die zur Synchronisierung zwischen verschiedenen Knoten verwendet werden"
checkpoint.amf.base, "Protokollmeldungen für Überprüfungspunkte für die Meldungskomponente"
checkpoint.base, "Protokollmeldungen für Überprüfungspunkte für die Grundkomponente"
cXML, "cXML-Kanal: Meldungen"
cXML.channel, "cXML-Kanal: Meldungen"
cXML.configuration, "cXML-Kanal: Konfigurationsmeldungen"
cXML.detail, "cXML-Kanal: XML-Detailmeldungen"
cXML.document, "cXML-Kanal: XML-Verkehrsmeldungen"
cXML.document.failed, "cXML-Kanal: fehlgeschlagene XML-Verkehrsmeldungen"
cXML.encoding, "cXML-Kanal: Kodierungsmeldungen"
cXML.encodingParse, "cXML-Kanal: Kodierungsstatusmeldungen"
cXML.transport, "cXML-Kanal: Netzwerktransportmeldungen"
cXML.soap, "cXML-Kanal: SOAP-Transportmeldungen"
cXML.reliableDeliveryService, "cXML-Kanal: Meldungen zum zuverlässigen Lieferservice"
cache, "Sonstige Meldungen aus dem Objekt-Cache"
catalogpublish, "Katalog-Veröffentlichungsinformationen"
catalog, "Allgemeine Kataloginformationen"
catalog.type, "Verfolgen der Verwaltung von Katalogarten"
catalogdeprecated, "Hauptkategorie für nicht mehr verwendete Katalogprotokollkategorien"
catalogdeprecated.catalogCache, "Wird nicht mehr verwendet: Katalog-Cache-Aktionen"
catalogdeprecated.catalogSearch, "Wird nicht mehr verwendet: Informationen zu allgemeinen Katalogsuchvorgängen"
catalogdistributedquery, "Verfolgung einer verteilten Abfrage der Kataloge"
cataloglow, "Detaillierte Katalogverfolgung"
catalogmetrics, "Katalogsuche protokollieren und Orientierungsmetrik laden"
catimages, "Katalogabbildungen protokollieren"
catalogExtract, "Katalog-Extraktionsvorgang protokollieren"
catremote, "Verfolgung von Katalog-Knotenkommunikation"
ccm, "Zentraler Verbindungs-Manager (für Datenbankverbindungen)"
cgi, "Fehlerbehebungsmeldungen für CGI-Anmeldung"
channelIO, "Kanal-E/A: Meldungen des Dienstprogramms"
channelTibcoMaster, "Alle Meldungen zum Tibco-Kanal"
channelui, "Alle Meldungen zur Administrator-Benutzeroberfläche"
channelutil, "cXML-Kanal: Meldungen des Dienstprogramms"
choosers, "Alle Meldungen zu Auswahlfeldern und zugehörigen Feldcontrollern"
clientQuery, "Verfolgung clientseitiger Abfragen"
clusterGets, "Cluster-Abrufe anzeigen"
clusterLocks, "Sperren/Freigaben für Cluster anzeigen"
collaboration, "Zusammenarbeitsbezogene Verfolgung"
collaborationWF, "Verfolgung des Arbeitsablaufs der Zusammenarbeit"
commandline, "Protokollierung des Feedbacks der Befehlszeilenanwendung"
comments, "Verfolgung von Anmerkungen zu Positionsinformationen"
commonObjectOperations, "Beliebige Operationen mit gemeinsamen Daten"
configure, "Aufzeichnung der Schritte des Konfigurations-Tools (Konfiguration & Codeerzeugung)"
connect, "Hergestellte und getrennte Client-Verbindungen"
constraints, "Meldungen zu Beschränkungen"
controllers, "Meldungen zu Feldcontrollern"
currency, "Währungs- und geldbezogene Informationen"
customer, "Meldungen bezüglich des Kundencodes"
customization,"Meldungen bezüglich Anpassungen"
customization.ui, "Meldungen bezüglich der angepassten Benutzeroberfläche"
customization.user, "Meldungen bezüglich Anpassungen, die den Benutzer betreffen"
cxml, "Verfolgung von cXML-PunchOut"
cxmlbase, "cXML-Kanal: Buyer-Integrationsmeldungen"
cxmlbase.lifecycle, "cXML-Kanal: Meldungen zum Lebenszyklus eines Objekts"
cxmlbase.transaction, "cXML-Kanal: Meldungen zu Buyer-Integrationstransaktionen"
cxmlinterop, "Allgemeine Protokollkategorie für das cXML-Kompatibilitätspaket"
cxmlinteropcommandline, "Nicht mehr verwendete Protokollkategorie"
cxmlinteropdump, "Kategorie für detaillierte Fehleranalyse, die verarbeitete Meldungen ausgibt"
cxmlinterophistory, "Nicht mehr verwendete Protokollkategorie"
cxmlinteroplow, "Nicht mehr verwendete Protokollkategorie"
dashboard, "Dashboard-Meldungen"
data.repairer, "Protokollierung für Datenreparaturaufgabe"
dbtop, "Allgemeine Datenbankvorgänge"
demoshell, "Verfolgung in der Demo-Shell"
directAction, "Verfolgung direkter Aktionen"
duplicate, "Objektverdoppelung"
duplicateaml, "Doppelte AML-Eigenschaften"
editability, "Verfolgung der Bearbeitungsfähigkeit von Feldern"
email, "Verfolgung von E-Mail-Korrespondenz"
encryptedString, "Verfolgung von verschlüsselten Zeichenkettenoperationen und ständiger Datenneuverschlüsselung unter Verwendung verschiedener Verschlüsselungsalgorithmen"
enumeration, "Aufzählungsbezogene Meldungen"
environment, "Meldungen zu Systemeinstellungen"
event, "Arbeitsablaufsereignisse"
eventQueue, "Verfolgung der Ereigniswarteschleife"
expense, "Spesenabrechnung"
expenseAdmin, "Benutzeroberflächenverwaltung der Kostenrichtlinien"
expense.tbp, "Anbieter von Reisebuchungen"
expense.imaging, "Erstellung von Spesenbelegabbildungen"
expenseExport, "Export von Daten für Ariba-mForm"
expenseMobile, "Meldungen, die sich auf mobile Clients in Ariba Buyer Server beziehen"
expensePolicyAudit, "Protokoll der Parameteraktualisierung der Spesenrichtlinie und der Spesen-Audit-Richtlinie"
exprTrace, "Auswertung aller Ausdrücke verfolgen (einschließlich benutzerspezifischer Ausdrücke)"
extracosts, "Zusätzliche Kosten"
fetch, "Clientseitige Objektanforderungen an den Server"
fieldProperties, "Meldungen zur Verarbeitung von Feldeigenschaften"
fields, "Meldungen zur Verarbeitung der Feldformatierung"
fileAccess,"Meldungen zum Dateizugriff"
fileChannelIO, "Dateikanal-E/A-Meldungen"
folder, "Ereignisse beim Laden von Ordnern"
form,"Allgemeine Verfolgung von Meldungen bezüglich Formularen und eFormularen"
form.eform, "Allgemeine Verfolgung von Meldungen bezüglich eFormularen"
general, "Allgemeine Protokollmeldungen"
graphs, "Neuaufbau des Diagramms"
group, "Verfolgung der Gruppenansichtserzeugung"
harness, "Ausrüstungsbezogene Meldungen"
harnessContext, "Meldungen zu im Kontext gespeicherten/abgerufenen Objekten"
harnessDetails, "Ausrüstungsbezogene Fehlerbehebungs-Meldungen"
help, "Meldungen zum Zugriff auf die Hilfeseiten"
i18n, "Internationalisierung und lokalisierte Ressourcen"
integrationEvent, "Meldungen zu Integrationsereignissen"
integrationExternal, "Alle Nachrichten, die von externen Prozessen veröffentlicht wurden, die Ariba gestartet hat"
integrationMaster, "Hauptprotokollierung für Integration"
integrationDetailMaster, "Detailprotokollierung des Integrations-Masters"
integrationMaster.adapterSource, "Auf die Adapterquelle bezogene Meldungen"
integrationMaster.alert, "Warnmeldungen für Messaging Framework"
integrationMaster.alert.amf.base, "Warnmeldungen für die Basiskomponente von Messaging Framework"
integrationMaster.batchCommit, "Auf Batch-Vorgänge bezogene Meldungen"
integrationMaster.cds, "CDS-bezogene Protokollierung"
integrationMaster.amfBaseMaster, "Hauptprotokollierung für Messaging Framework (Base)"
integrationMaster.amfBaseMaster.integrationMeta, "Protokollierung der Integrationsmetadaten"
integrationMaster.amfBaseMaster.integrationMetaDetails, "Detailprotokollierung der Integrationsmetadaten"
integrationMaster.amfBaseMaster.integrationObjectAdapter, "Alle Meldungen bezüglich Integrationsobjektadapter"
integrationMaster.amfBaseMaster.integrationObjectAdapterDetails, "Alle detaillierten adapterbezogenen Meldungen zu Integrationsobjekten"
integrationMaster.amfBaseMaster.integrationObjectNotifications, "Meldungen bezüglich Integrationsobjektbenachrichtigungen"
integrationMaster.amfBaseMaster.integrationPersistence, "Übernahme von Metadaten für die Integrationskonfiguration"
integrationMaster.amfBaseMaster.integrationQueryservice, "Abfragenbezogene Meldungen während der Datenintegration"
integrationMaster.convapiChannelMaster,"Alle Convapi-Kanalmeldungen"
integrationMaster.fileChannelMaster, "Alle Dateikanalmeldungen"
integrationMaster.fileChannelMaster.dataExport, "Protokolliert Daten während des Dateikanalexports"
integrationMaster.fileChannelMaster.dataImport, "Protokolliert Daten während des Dateikanalimports"
integrationMaster.fileChannelMaster.event, "Protokolliert Dateikanal-Ereignisinformationen"
integrationMaster.fileChannelMaster.fileChannelConfiguration, "Dateikanal-Konfigurationsmeldungen"
integrationMaster.fileChannelMaster.fileChannelEncoder, "Dateikanal-Kodierungsmeldungen"
integrationMaster.fileChannelMaster.fileChannelDataLoad, "Dateikanal-Datenlademeldungen"
integrationMaster.fileChannelMaster.fileExport, "Dateikanal: Exportbezogene Meldungen"
integrationMaster.fileChannelMaster.fileIO, "Datei-E/A-Meldungen werden protokolliert"
integrationMaster.integrationEvent, "Informationen zu Integrationsereignissen"
integrationMaster.wsChannelMaster, "Alle Channel-Meldungen des Webservice"
integrationMaster.wsChannelMaster.wsChannelConfiguration, "Channel-Konfigurationsmeldungen des Webservice"
integrationMaster.wsChannelMaster.wsChannelEncoder, "Channel-Verschlüsselungsmeldungen des Webservice"
integrationMaster.wsChannelMaster.wsChannelDataLoad, "Channel-Datenlademeldungen des Webservice"
integrationMaster.wsChannelMaster.wsChannelMigration, "Channel-Migrationsmeldungen des Webservice"
integrationMaster.wsChannelMaster.wsExport, "Channel-Export-Meldungen des Webservice"
integrationMaster.wsChannelMaster.wsIO, "Protokolliert E/A-Meldungen des Webservice"
integrationMaster.wsChannelDetails.wsMessages, "Protokolliert den Inhalt aller ausgetauschten XML-Nachrichten"
integrationMaster.httpChannelMaster, "Alle Meldungen zum HTTP-Kanal"
integrationDetailMaster.httpChannelMaster, "Alle Detailmeldungen zum http-Kanal"
integrationMaster.httpChannelMaster.httpChannelConfiguration, "Meldungen zur Einrichtung des HTTP-Kanals"
integrationMaster.httpChannelMaster.httpChannelEncoder, "Meldungen zu Kodierung/Dekodierung im HTTP-Kanal"
integrationMaster.httpChannelMaster.httpIO, "Protokolliert E/A-bezogene Meldungen im HTTP-Kanal"
integrationMaster.channelTibcoMaster.integrationTop, "Wird verwendet, um zu bestimmen, welche Ereignisse in der Warteschlange von Ariba Server sind."
integrationMaster.channelTibcoMaster.integrationExternal, "Protokoll für externe Prozesse, die gestartet werden."
integrationMaster.channelTibcoMaster.integrationVendor_TibcoDetails, "Protokoll des Drittanbieters"
integrationMaster.channelTibcoMaster.integrationVendor_Tibco_TPMDetails, "Detailmeldungen zum Tibco Process Manager"
integrationMaster.channelTibcoMaster.integrationVendor_Tibco_TPM, "Meldungen zum Tibco Process Manager"
integrationMaster.channelTibcoMaster, "Dies ist eine übergeordnete Kategorie zum Einschalten der Tibco-Protokollierung."
integrationMaster.channelTibcoMaster.integrationVendor_Tibco, "Protokoll des Drittanbieters"
integrationMaster.clientutil, "Protokoll von Client-Dienstprogrammen im Zusammenhang mit Integration"
integrationMaster.integrationConfiguration, "Protokollierung: Integrationskonfiguration"
integrationDetailMaster.integrationConfiguration, "Protokollierung: Integrationskonfigurationsdetails"
integrationMaster.integrationDecoder, "Protokollierung: Integrationsdekodierung"
integrationMaster.integrationEncoder, "Protokollierung der Intergrationscodierung"
integrationDetailMaster.integrationEncoder, "Detailprotokollierung der Integrationsverschlüsselung"
integrationDetailMaster.integrationDecoder, "Detailprotokollierung der Integrationsentschlüsselung"
integrationMaster.integrationMessageContext, "Informationen zum Inhalt der Meldung"
integrationMaster.integrationMigration, "Meldungen zur Migration"
integrationMaster.integrationUtil, "Meldungen von Klassen des Integrationsdienstprogramms"
integrationMaster.sqlChannelMaster, "Alle Meldungen zum SQL-Kanal"
integrationMigration, "Protokollierung der Integrationsmigration"
integrationObjectAPI, "Alle API-bezogenen Meldungen zu Integrationsobjekten"
integrationReceive, "Integration: Ereigniserfassung"
integrationSend, "Integration: Sendungsbezogene Meldungen"
integrationTop, "Bestimmen der Ereignisse in der Warteschlange des Ariba-Servers"
integrationVendor_CSV, "Alle Meldungen zum CSV-Integrationskanal"
internodes, "Kommunikation zwischen Knotenmitteilungen"
invoicingPerf, "Verfolgung von Rechnungsleistungsinformationen"
invoicingUI,  "Verfolgung von Fakturierungs-Benutzeroberfläche"
isDriver, "Treibermeldungen"
isError, "Integrationsserver: Fehlermeldungen"
isMapping, "Zuordnungsmeldungen"
isMaster, "Integrationsservermeldungen, einschließlich isServer, aribaISServer und isDriver"
isMeta, "Metadatenmeldungen"
isMisc, "Sonstige Integrationsservermeldungen"
isServer, "An den Integrationsserver gesendete Meldungen"
j2ee, "Meldungen zur Verwendung von J2EE-Technologien"
javagroups, "Meldungen zu Java-Gruppen"
javascript, "Meldungen zur JavaScript-Ausführung"
jdbc, "JDBC-Warnungs- und Transaktionsisolationsmodus der Datenbank"
jdbcperf, "Meldungen zur JDBC-Treiber-Leistungsprotokollierung"
kitting, "Verfolgung des Katalog-Kombi-Artikels, d. h. der Zusammenstellung von Katalogartikeln"
laborKit, "Verfolgung der Arbeitsaufgabenzusammenstellung"
layout, "Kompilierungsschema von XML"
layout.classMappings,"Klassenzuordnungen und Feldzuordnungen aus Metadaten"
locale, "LocaleID-bezogene Fehlerbehebungsinformationen"
lockSnoop, "Detaillierte Zugriffsüberwachung für die Fehlerbehebung bei Sperren und Nur-Lese-Zugriffsrechten"
login, "An- und Abmeldungen des Clients"
lruCheck, "Konsistenzprüfungen für LRU-Tabellen"
lruDebug, "Ausgabe von LRU-Tabellen bei Größenveränderung und Säuberung (umfassender mit lruCheck)"
lruPurge, "Erkennen der aus LRU-Tabellen entfernten Objekte"
mapCluster, "Drucken einer Zeile für jedes auf dem Client zugeordnete Objekt"
mapIds, "Serverseitige Zuordnung von IDs zu Objekten"
massEdit,  "Verfolgung von Informationen zu umfangreichen Bearbeitungen"
massEditLow,  "Verfolgung von umfangreichen Bearbeitungen auf Detailebene"
masterAgreementUI, "Verfolgung bezüglich der Vertrags-Benutzeroberfläche"
messaging, "Informationen zur Meldungsinfrastruktur"
messaging.details, "Detaillierte Informationen zur Meldungsinfrastruktur"
meta, "Metadatenverarbeitung"
metaDataResolver, "Meldungen zur Metadaten-XML-Auflösung"
meta.modification, "Meldungen zu Änderung von Metadaten während der Ausführung"
metaValidation, "Metadatenprüfung"
migrationDetails, "Fehlerbehebungs-Meldungen zur Migration"
mobile, "Meldungen zu Mobile Client"
modify, "Vorgänge ändern"
nestedSession, "Verfolgung der verschachtelten Sitzung"
net, "Netzwerkbezogene Meldungen"
nodeassignment, "Meldungen zum AssignmentManager"
notification, "Meldungen zu E-Mail-Benachrichtigungen"
objectOperations, "Detaillierte Objektspeicher- und Feldeinstellungsvorgänge"
objectValidationSanityCheck, "Stellen Sie sicher, dass die Gültigkeitsbedingungen für die Objektprüfung an der richtigen Stelle definiert sind."
objectViewers, "Alle Meldungen zur Objektdetailanzeige"
onClient, "Verfolgung clientseitiger Transaktionsvorgänge"
org.apache.axis, "Apache Axis-Protokollierung"
packager.appcore, "Verfolgung der Vorgänge für benutzerspezifische Verpackungen"
page, "Verfolgung der Seitenerstellung"
paramReference, "Verfolgung der Informationen zu gemeinsam benutzten Anwendungen (AppInfo)"
parameters, "Allgemeine Verfolgung der Parameterkomponenten"
partner, "Kategorie für Ariba-Partnermeldungen"
perfLog, "Leistungsprotokollierung"
perfLog.trace, "Protokollierung der Leistung pro Anforderung"
perfLog.detail, "Detaillierte Aufgliederung der Verfolgungsdaten pro Metrik"
perfLog.exception, "Lange andauernde Vorgänge überwachen und protokollieren"
portlet, "Erzeugung von Portlet-Inhalt"
preferences, "Voreinstellungsaktivitäten für Client anzeigen"
printOnMap, "Cluster drucken, wenn sie auf dem Client zugeordnet werden"
psoftAdapter, "Meldungen zu PeopleSoft"
punchout, "Verfolgung von PunchOut-Informationen"
punchout.analysis, "Informationen über PunchOut-Tools für die Integration mit Analysis"
queryperf, "Informationen zur AQL-Abfrageleistung"
queryPathNode,"Bei Abfragen im Arbeitsspeicher Pfadknoteninformationen abfragen"
receivingUI, "Verfolgung von Informationen der Leistungserfassungsbenutzeroberfläche"
chargeUI, "Verfolgung von Informationen der Kostenbenutzeroberfläche"
recentUserChoice, "Verfolgen von aktuellen Benutzerauswahlinformationen"
record, "Informationen zur Positionshistorie"
rpcPerf, "Allgemeinere RPC-Informationen zur Optimierung von StartupProfile"
rpcRecv, "Alle RPC-Empfangsvorgänge"
rpcSend, "Alle RPC-Sendevorgänge"
rpcStatus, "Status der ausstehenden RPCs anzeigen"
rpcWarning, "Warnungen zu RPC-Verzögerungen"
rules, "Informationen zu Verfolgungsregeln"
runtime,  "Detaillierte Laufzeit"
sapadapter, "SAP-Meldungen"
save, "Client-Speichervorgänge"
saveSubs, "Abonnements speichern und wiederherstellen"
scheduler, "Verfolgung des Planermoduls"
scheduler.amf.base, "Meldungen zu geplanten Aufgaben für Messaging"
scheduler.appcore, "Verfolgung des Planermoduls auf Anwendungsebene"
scheduler.nodeassignment,"Meldungen zur Knotenzuordnung des Planermoduls"
script, "Meldungen von Skripten"
searchindex, "Verfolgung des Index der Katalogsuche"
searchui, "Verfolgung bezüglich der Benutzeroberfläche für die Katalogsuche"
security, "Sicherheitsbezogene Meldungen"
selectClusterRoot, "Meldungen zur Objektwiederherstellung"
serverCache, "Meldungen zum Server-Cache-Management"
serverMonitor, "Server-Monitor-Vorgänge"
serverOps, "Vom Client angeforderte Servervorgänge"
servletadaptor, "Meldungen bezüglich Ariba Web-Servlet-Adapter"
sessionCache, "Verfolgung des Objekt-Cache auf Sitzungsebene"
shutdown, "Meldungen zur Befehlssequenz für das Herunterfahren"
shutdown.aribaweb, "Meldungen zur Befehlssequenz für das Herunterfahren von aribaweb"
shutdown.integrationChannel, "Meldungen zur Befehlssequenz für das Herunterfahren des Integrationskanals"
shutdown.scheduler, "Meldungen zur Befehlssequenz für das Herunterfahren des Planermoduls"
smtp, "Verfolgung der SMTP-Mailserveraktivitäten"
splitAccounting, "Verfolgung von Informationen zur geteilten Kontierung"
sqlio, "SQL-E/A über TransSQL"
sso, "Single-Sign-On-Verfolgung"
sso_session, "Verfolgung der Single-Sign-On-Sitzungsverwaltung"
sso_delegation, "Schrittverfolgung der Single-Sign-On-Delegierung"
startup, "Startmeldungen"
startup.amf, "Startmeldungen für Messaging Framework"
startup.amf.base, "Startmeldungen für Messaging Framework"
startupTibco, "Startmeldungen für Tibco-Kanal"
table, "Verfolgung der AWTDataTable-Einrichtung"
template, "Vorlagenerzeugungsaktivität"
tester, "Testprozess"
threadpool, "ThreadPool-Verfolgung"
transaction, "Allgemeine Informationen zu Datenbanktransaktionen"
transaction.graphs, "Neuaufbau des Diagramms"
transformMetrics, "Metrik bei Umwandlung in Warenkorb ausgeben"
triggers, "Meldungen zu ausgelösten Ereignissen"
uiLogin, "Verfolgung von Meldungen von der Buyer-Anmeldeseite"
uiTransaction, "Vom Client übermittelte Datenbanktransaktionen"
uiTriggers, "Verfolgung von Ereignispunkten für Gruppen und Felder"
unspscmanager, "Meldungen vom UNSPSC-Versionsmanager"
upload, "Daten in Ariba Buyer laden"
user, "Verfolgung von Benutzer-, Gruppen-, Rollen-, Berechtigungsvorgängen"
util, "Meldungen zu Dienstprogrammklassen"
util.io, "Meldungen zu E/A-Dienstprogrammklassen"
validation, "Protokollierung von Katalogimport und Hierarchieprüfung"
validity, "Verfolgung der Gültigkeit von Seiten und Gruppen"
visibility, "Verfolgung der Sichtbarkeit von Gruppen und Feldern"
watchdog, "Datenbank-/Serverüberwachungsinformationen"
widgets, "Meldungen bezüglich Ariba Web Widget"
wizard, "Üblicherweise in Unterklassen erfasste Assistentenereignisse"
wizardFrame, "Üblicherweise in Unterklassen erfasste Assistentenrahmenereignisse"
wizardLow, "Detaillierte Assistentenereignisse"
workflow, "Verfolgung allgemeiner Arbeitsablaufsereignisse"
workflowAction, "Arbeitsablaufsaktionen und -Bedingungen"
workflowMonitoring, "Meldungskategorie zur Überwachung der Arbeitsablaufswarteschleife protokollieren"
workforce, "Belegschaftsverfolgung"
workforce.invoicing, "Verfolgungsmeldungen für Belegschafts-Rechnungsstellung"
wsrp,"Remote-Portlet des Web Service"
xml, "Verfolgung der xml-Komponente"
xmlsec, "Von der Apache-xmlsecurity-Bibliothek erzeugte Meldungen verfolgen"
xmlsignature, "Digitale Signaturfunktionen verfolgen"
xslt, "Verfolgung der XSL-Umwandlungsbibliothek"
realmPurge, "Datenbereinigung in einem gelöschten Bereich"
translationsTask.details, "Detaillierte Verfolgung der geplanten Aufgabe ""Übersetzungen aktualisieren"""
openOfficeMaster,"OpenOffice-Integration"
openOfficeMaster.details,"OpenOffice-Details"
openOfficeMaster.openOffice,"OpenOffice - Verschiedenes"
sdb.startup,"Start der Lieferantendatenbank"
sdb,"Lieferantendatenbank "
sdb.scheduler,"Planermodul der Lieferantendatenbank"
catalog.facade,"Für einen Katalogsuchvorgang, der als DirectAction-Aufruf ausgeführt wird"
bpm,"Protokollnachricht zur Überwachung eines geschäftlichen Prozesses"
