java.lang.String,*
java.lang.Character,*
java.lang.Integer,*
java.lang.Boolean,*
java.lang.Double,*
java.lang.Float,*
java.lang.Short,*
java.lang.Long,*
java.lang.Math,*
java.lang.Number,*
java.math.BigDecimal,*
java.math.BigInteger,*
java.util.Map,*
java.util.Calendar,*
java.util.Date,hashCode
java.util.Date,clone
java.util.Date,equals
java.util.Date,compareTo
java.util.Date,toString
java.util.Date,after
java.util.Date,before
java.util.Date,parse
java.util.Date,getDate
java.util.Date,getHours
java.util.Date,getMinutes
java.util.Date,getMonth
java.util.Date,getSeconds
java.util.Date,getTime
java.util.Date,getYear
java.util.Date,getCalendarDate
java.util.Date,getMillisOf
java.util.Date,UTC
java.util.Date,convertToAbbr
java.util.Date,getCalendarSystem
java.util.Date,getDay
java.util.Date,getJulianCalendar
java.util.Date,getTimeImpl
java.util.Date,getTimezoneOffset
java.util.Date,toGMTString
java.util.Date,toLocaleString
java.util.List,get
java.util.List,hashCode
java.util.List,equals
java.util.List,indexOf
java.util.List,contains
java.util.List,isEmpty
java.util.List,lastIndexOf
java.util.List,size
java.util.List,toArray
java.util.List,containsAll
java.util.List,subList
java.util.Set,hashCode
java.util.Set,equals
java.util.Set,contains
java.util.Set,isEmpty
java.util.Set,size
java.util.Set,toArray
java.util.Set,containsAll
java.util.Collection,hashCode
java.util.Collection,equals
java.util.Collection,contains
java.util.Collection,isEmpty
java.util.Collection,size
java.util.Collection,containsAll
