ariba.util.formatter.Formatter,getStringValue
ariba.util.formatter.DateFormatter,getStringValue
ariba.util.core.MathUtil,sgn
ariba.util.core.MathUtil,bound
ariba.util.core.StringUtil,strcat
ariba.util.core.StringUtil,equalsIgnoreCase
ariba.util.core.StringUtil,substring
ariba.util.core.StringUtil,truncate
ariba.util.core.StringUtil,trailing
ariba.util.core.StringUtil,startsWithIgnoreCase
ariba.util.core.StringUtil,removeCarriageReturns
ariba.util.core.Date,toString
ariba.util.core.Date,before
ariba.util.core.Date,getDate
ariba.util.core.Date,getHours
ariba.util.core.Date,getMinutes
ariba.util.core.Date,getMonth
ariba.util.core.Date,getSeconds
ariba.util.core.Date,getYear
ariba.util.core.Date,getCalendarField
ariba.util.core.Date,getDayOfMonth
ariba.util.core.Date,getDayOfWeek
ariba.util.core.Date,getDay
ariba.util.core.Date,getTimezoneOffset
ariba.util.core.Date,toGMTString
ariba.util.core.Date,isNull
ariba.util.core.Date,calendarDate
ariba.util.core.Date,newNull
ariba.util.core.Date,makeCalendarDate
ariba.util.core.Date,makeCalendarDateWithoutTime
ariba.util.core.Date,toConciseDateString
ariba.util.core.Date,toPaddedConciseDateString
ariba.util.core.Date,toConciseDateTimeString
ariba.util.core.Date,toPaddedConciseDateTimeString
ariba.util.core.Date,toDayDateMonthYearString
ariba.util.core.Date,toLongDayDateMonthYearString
ariba.util.core.Date,toFullDayDateMonthYearString
ariba.util.core.Date,toDateMonthYearString
ariba.util.core.Date,toFullDateMonthYearString
ariba.util.core.Date,toHourMinSecString
ariba.util.core.Date,toDayOfWeekString
ariba.util.core.Date,toGMT
ariba.util.core.Date,toYearMonthDate
ariba.util.core.Date,toMilitaryTimeString
ariba.util.core.Date,toFileTimeString
ariba.util.core.Date,between
ariba.util.core.Date,getNow
ariba.util.core.Date,timezoneOffset
ariba.util.core.Date,timezoneOffsetInMillis
ariba.util.core.Date,createTimeZoneFromOffset
ariba.util.core.Date,getTimeZoneFromOffset
ariba.util.core.Date,sameDay
ariba.util.core.Date,timeIsMidnight
ariba.util.core.Date,getCalendarInstance
ariba.util.core.Date,getLocaleDisplayName
